date	location	variant	sequences
2022-01-04	England	21J	311
2022-01-05	England	21J	254
2022-01-06	England	21J	250
2022-01-07	England	21J	239
2022-01-08	England	21J	120
2022-01-09	England	21J	106
2022-01-10	England	21J	141
2022-01-11	England	21J	121
2022-01-12	England	21J	99
2022-01-13	England	21J	80
2022-01-14	England	21J	72
2022-01-15	England	21J	56
2022-01-16	England	21J	39
2022-01-17	England	21J	62
2022-01-18	England	21J	53
2022-01-19	England	21J	38
2022-01-20	England	21J	46
2022-01-21	England	21J	30
2022-01-22	England	21J	23
2022-01-23	England	21J	15
2022-01-24	England	21J	17
2022-01-25	England	21J	64
2022-01-26	England	21J	15
2022-01-27	England	21J	18
2022-01-28	England	21J	41
2022-01-29	England	21J	10
2022-01-30	England	21J	7
2022-01-31	England	21J	13
2022-02-01	England	21J	7
2022-02-02	England	21J	16
2022-02-03	England	21J	24
2022-02-04	England	21J	15
2022-02-05	England	21J	4
2022-02-06	England	21J	2
2022-02-07	England	21J	11
2022-02-08	England	21J	19
2022-02-09	England	21J	14
2022-02-10	England	21J	14
2022-02-11	England	21J	15
2022-02-12	England	21J	2
2022-02-13	England	21J	4
2022-02-14	England	21J	2
2022-02-15	England	21J	17
2022-02-16	England	21J	3
2022-02-17	England	21J	26
2022-02-18	England	21J	1
2022-02-19	England	21J	3
2022-02-21	England	21J	3
2022-02-22	England	21J	6
2022-02-23	England	21J	3
2022-02-24	England	21J	11
2022-02-25	England	21J	4
2022-02-26	England	21J	1
2022-02-28	England	21J	1
2022-03-04	England	21J	3
2022-03-05	England	21J	1
2022-03-06	England	21J	2
2022-03-07	England	21J	2
2022-03-08	England	21J	5
2022-03-09	England	21J	2
2022-03-10	England	21J	2
2022-03-11	England	21J	1
2022-03-13	England	21J	1
2022-03-15	England	21J	1
2022-03-16	England	21J	3
2022-03-18	England	21J	1
2022-03-22	England	21J	2
2022-03-23	England	21J	1
2022-03-25	England	21J	14
2022-03-28	England	21J	1
2022-03-31	England	21J	1
2022-04-04	England	21J	1
2022-04-08	England	21J	1
2022-05-06	England	21J	1
2022-06-05	England	21J	1
2022-06-15	England	21J	1
2022-06-29	England	21J	1
2022-07-16	England	21J	2
2022-08-13	England	21J	1
2022-08-15	England	21J	1
2022-01-04	England	21K	13805
2022-01-05	England	21K	10768
2022-01-06	England	21K	11775
2022-01-07	England	21K	8112
2022-01-08	England	21K	7229
2022-01-09	England	21K	6713
2022-01-10	England	21K	10775
2022-01-11	England	21K	10276
2022-01-12	England	21K	8743
2022-01-13	England	21K	7742
2022-01-14	England	21K	8785
2022-01-15	England	21K	6784
2022-01-16	England	21K	6676
2022-01-17	England	21K	10103
2022-01-18	England	21K	9658
2022-01-19	England	21K	9103
2022-01-20	England	21K	8850
2022-01-21	England	21K	8852
2022-01-22	England	21K	5961
2022-01-23	England	21K	6252
2022-01-24	England	21K	9487
2022-01-25	England	21K	8946
2022-01-26	England	21K	7793
2022-01-27	England	21K	6286
2022-01-28	England	21K	6787
2022-01-29	England	21K	6733
2022-01-30	England	21K	7965
2022-01-31	England	21K	9755
2022-02-01	England	21K	7045
2022-02-02	England	21K	8923
2022-02-03	England	21K	8473
2022-02-04	England	21K	7889
2022-02-05	England	21K	7649
2022-02-06	England	21K	6912
2022-02-07	England	21K	9038
2022-02-08	England	21K	8244
2022-02-09	England	21K	6324
2022-02-10	England	21K	5918
2022-02-11	England	21K	6576
2022-02-12	England	21K	5496
2022-02-13	England	21K	4636
2022-02-14	England	21K	6319
2022-02-15	England	21K	5655
2022-02-16	England	21K	5340
2022-02-17	England	21K	5765
2022-02-18	England	21K	3742
2022-02-19	England	21K	4385
2022-02-20	England	21K	3134
2022-02-21	England	21K	5000
2022-02-22	England	21K	3687
2022-02-23	England	21K	3220
2022-02-24	England	21K	1757
2022-02-25	England	21K	1857
2022-02-26	England	21K	1381
2022-02-27	England	21K	1097
2022-02-28	England	21K	1634
2022-03-01	England	21K	1664
2022-03-02	England	21K	1567
2022-03-03	England	21K	1871
2022-03-04	England	21K	2223
2022-03-05	England	21K	1232
2022-03-06	England	21K	1050
2022-03-07	England	21K	1788
2022-03-08	England	21K	1599
2022-03-09	England	21K	1540
2022-03-10	England	21K	1063
2022-03-11	England	21K	1086
2022-03-12	England	21K	751
2022-03-13	England	21K	869
2022-03-14	England	21K	1169
2022-03-15	England	21K	936
2022-03-16	England	21K	710
2022-03-17	England	21K	729
2022-03-18	England	21K	747
2022-03-19	England	21K	576
2022-03-20	England	21K	388
2022-03-21	England	21K	487
2022-03-22	England	21K	445
2022-03-23	England	21K	425
2022-03-24	England	21K	428
2022-03-25	England	21K	357
2022-03-26	England	21K	214
2022-03-27	England	21K	200
2022-03-28	England	21K	445
2022-03-29	England	21K	214
2022-03-30	England	21K	111
2022-03-31	England	21K	68
2022-04-01	England	21K	60
2022-04-02	England	21K	64
2022-04-03	England	21K	40
2022-04-04	England	21K	105
2022-04-05	England	21K	51
2022-04-06	England	21K	53
2022-04-07	England	21K	58
2022-04-08	England	21K	51
2022-04-09	England	21K	31
2022-04-10	England	21K	27
2022-04-11	England	21K	68
2022-04-12	England	21K	35
2022-04-13	England	21K	28
2022-04-14	England	21K	19
2022-04-15	England	21K	10
2022-04-16	England	21K	19
2022-04-17	England	21K	7
2022-04-18	England	21K	18
2022-04-19	England	21K	18
2022-04-20	England	21K	11
2022-04-21	England	21K	12
2022-04-22	England	21K	9
2022-04-23	England	21K	8
2022-04-24	England	21K	14
2022-04-25	England	21K	14
2022-04-26	England	21K	10
2022-04-27	England	21K	6
2022-04-28	England	21K	4
2022-04-29	England	21K	6
2022-04-30	England	21K	3
2022-05-01	England	21K	2
2022-05-02	England	21K	5
2022-05-03	England	21K	8
2022-05-04	England	21K	7
2022-05-05	England	21K	3
2022-05-06	England	21K	2
2022-05-07	England	21K	1
2022-05-08	England	21K	3
2022-05-09	England	21K	4
2022-05-10	England	21K	1
2022-05-11	England	21K	5
2022-05-12	England	21K	5
2022-05-15	England	21K	2
2022-05-16	England	21K	5
2022-05-17	England	21K	1
2022-05-18	England	21K	2
2022-05-19	England	21K	1
2022-05-20	England	21K	2
2022-05-22	England	21K	1
2022-05-23	England	21K	1
2022-05-24	England	21K	1
2022-05-25	England	21K	2
2022-05-26	England	21K	1
2022-05-27	England	21K	1
2022-05-30	England	21K	4
2022-06-01	England	21K	1
2022-06-07	England	21K	2
2022-06-08	England	21K	1
2022-06-09	England	21K	2
2022-06-10	England	21K	1
2022-06-11	England	21K	1
2022-06-12	England	21K	2
2022-06-13	England	21K	2
2022-06-14	England	21K	1
2022-06-16	England	21K	1
2022-06-17	England	21K	1
2022-06-18	England	21K	1
2022-06-21	England	21K	2
2022-06-26	England	21K	1
2022-06-27	England	21K	2
2022-06-29	England	21K	1
2022-06-30	England	21K	1
2022-07-06	England	21K	1
2022-07-08	England	21K	2
2022-07-10	England	21K	1
2022-07-11	England	21K	1
2022-07-20	England	21K	1
2022-07-21	England	21K	1
2022-07-25	England	21K	1
2022-07-26	England	21K	1
2022-07-27	England	21K	1
2022-07-28	England	21K	1
2022-08-05	England	21K	1
2022-08-07	England	21K	1
2022-08-10	England	21K	1
2022-08-12	England	21K	1
2022-08-17	England	21K	1
2022-08-20	England	21K	1
2022-08-25	England	21K	1
2022-08-30	England	21K	1
2022-09-08	England	21K	1
2022-09-13	England	21K	1
2022-09-14	England	21K	1
2022-09-22	England	21K	1
2022-09-28	England	21K	1
2022-10-03	England	21K	1
2022-10-04	England	21K	1
2022-10-09	England	21K	1
2022-10-15	England	21K	1
2022-10-19	England	21K	1
2022-10-23	England	21K	1
2022-10-27	England	21K	1
2022-10-31	England	21K	1
2022-11-01	England	21K	1
2022-11-07	England	21K	1
2022-11-13	England	21K	1
2022-11-25	England	21K	1
2022-12-05	England	21K	1
2022-12-17	England	21K	1
2022-12-24	England	21K	1
2023-01-02	England	21K	1
2023-01-04	England	21K	1
2023-01-07	England	21K	1
2023-01-13	England	21K	1
2023-01-15	England	21K	1
2023-01-22	England	21K	1
2022-01-04	England	21L	80
2022-01-05	England	21L	67
2022-01-06	England	21L	72
2022-01-07	England	21L	104
2022-01-08	England	21L	93
2022-01-09	England	21L	90
2022-01-10	England	21L	158
2022-01-11	England	21L	142
2022-01-12	England	21L	153
2022-01-13	England	21L	131
2022-01-14	England	21L	156
2022-01-15	England	21L	160
2022-01-16	England	21L	166
2022-01-17	England	21L	291
2022-01-18	England	21L	313
2022-01-19	England	21L	303
2022-01-20	England	21L	267
2022-01-21	England	21L	362
2022-01-22	England	21L	293
2022-01-23	England	21L	307
2022-01-24	England	21L	568
2022-01-25	England	21L	481
2022-01-26	England	21L	555
2022-01-27	England	21L	537
2022-01-28	England	21L	504
2022-01-29	England	21L	719
2022-01-30	England	21L	1050
2022-01-31	England	21L	1128
2022-02-01	England	21L	982
2022-02-02	England	21L	1399
2022-02-03	England	21L	1505
2022-02-04	England	21L	1506
2022-02-05	England	21L	1975
2022-02-06	England	21L	1617
2022-02-07	England	21L	2081
2022-02-08	England	21L	2139
2022-02-09	England	21L	1825
2022-02-10	England	21L	2171
2022-02-11	England	21L	2418
2022-02-12	England	21L	2192
2022-02-13	England	21L	1999
2022-02-14	England	21L	2818
2022-02-15	England	21L	3178
2022-02-16	England	21L	3960
2022-02-17	England	21L	3930
2022-02-18	England	21L	2549
2022-02-19	England	21L	4330
2022-02-20	England	21L	3334
2022-02-21	England	21L	5328
2022-02-22	England	21L	4616
2022-02-23	England	21L	4158
2022-02-24	England	21L	2112
2022-02-25	England	21L	2779
2022-02-26	England	21L	2518
2022-02-27	England	21L	2084
2022-02-28	England	21L	3670
2022-03-01	England	21L	3592
2022-03-02	England	21L	3797
2022-03-03	England	21L	5800
2022-03-04	England	21L	6771
2022-03-05	England	21L	4513
2022-03-06	England	21L	4681
2022-03-07	England	21L	7368
2022-03-08	England	21L	6888
2022-03-09	England	21L	8029
2022-03-10	England	21L	6316
2022-03-11	England	21L	6737
2022-03-12	England	21L	5465
2022-03-13	England	21L	7011
2022-03-14	England	21L	8733
2022-03-15	England	21L	7743
2022-03-16	England	21L	6772
2022-03-17	England	21L	7852
2022-03-18	England	21L	8540
2022-03-19	England	21L	8827
2022-03-20	England	21L	5612
2022-03-21	England	21L	7549
2022-03-22	England	21L	7292
2022-03-23	England	21L	7606
2022-03-24	England	21L	8474
2022-03-25	England	21L	7573
2022-03-26	England	21L	5399
2022-03-27	England	21L	4789
2022-03-28	England	21L	11241
2022-03-29	England	21L	4915
2022-03-30	England	21L	2882
2022-03-31	England	21L	2124
2022-04-01	England	21L	1860
2022-04-02	England	21L	2001
2022-04-03	England	21L	1733
2022-04-04	England	21L	3471
2022-04-05	England	21L	2012
2022-04-06	England	21L	2390
2022-04-07	England	21L	2393
2022-04-08	England	21L	1870
2022-04-09	England	21L	1635
2022-04-10	England	21L	1436
2022-04-11	England	21L	2454
2022-04-12	England	21L	2135
2022-04-13	England	21L	2019
2022-04-14	England	21L	2218
2022-04-15	England	21L	1460
2022-04-16	England	21L	1134
2022-04-17	England	21L	694
2022-04-18	England	21L	1255
2022-04-19	England	21L	1880
2022-04-20	England	21L	1668
2022-04-21	England	21L	1372
2022-04-22	England	21L	1312
2022-04-23	England	21L	877
2022-04-24	England	21L	688
2022-04-25	England	21L	1307
2022-04-26	England	21L	1320
2022-04-27	England	21L	923
2022-04-28	England	21L	755
2022-04-29	England	21L	896
2022-04-30	England	21L	526
2022-05-01	England	21L	460
2022-05-02	England	21L	646
2022-05-03	England	21L	981
2022-05-04	England	21L	747
2022-05-05	England	21L	636
2022-05-06	England	21L	596
2022-05-07	England	21L	418
2022-05-08	England	21L	334
2022-05-09	England	21L	651
2022-05-10	England	21L	603
2022-05-11	England	21L	559
2022-05-12	England	21L	441
2022-05-13	England	21L	448
2022-05-14	England	21L	294
2022-05-15	England	21L	240
2022-05-16	England	21L	556
2022-05-17	England	21L	453
2022-05-18	England	21L	417
2022-05-19	England	21L	379
2022-05-20	England	21L	373
2022-05-21	England	21L	223
2022-05-22	England	21L	184
2022-05-23	England	21L	304
2022-05-24	England	21L	258
2022-05-25	England	21L	240
2022-05-26	England	21L	225
2022-05-27	England	21L	213
2022-05-28	England	21L	172
2022-05-29	England	21L	115
2022-05-30	England	21L	227
2022-05-31	England	21L	235
2022-06-01	England	21L	214
2022-06-02	England	21L	131
2022-06-03	England	21L	121
2022-06-04	England	21L	155
2022-06-05	England	21L	138
2022-06-06	England	21L	275
2022-06-07	England	21L	204
2022-06-08	England	21L	198
2022-06-09	England	21L	194
2022-06-10	England	21L	218
2022-06-11	England	21L	126
2022-06-12	England	21L	98
2022-06-13	England	21L	197
2022-06-14	England	21L	172
2022-06-15	England	21L	136
2022-06-16	England	21L	148
2022-06-17	England	21L	106
2022-06-18	England	21L	88
2022-06-19	England	21L	66
2022-06-20	England	21L	134
2022-06-21	England	21L	118
2022-06-22	England	21L	115
2022-06-23	England	21L	115
2022-06-24	England	21L	120
2022-06-25	England	21L	64
2022-06-26	England	21L	68
2022-06-27	England	21L	95
2022-06-28	England	21L	77
2022-06-29	England	21L	54
2022-06-30	England	21L	73
2022-07-01	England	21L	64
2022-07-02	England	21L	36
2022-07-03	England	21L	31
2022-07-04	England	21L	45
2022-07-05	England	21L	45
2022-07-06	England	21L	28
2022-07-07	England	21L	24
2022-07-08	England	21L	39
2022-07-09	England	21L	10
2022-07-10	England	21L	18
2022-07-11	England	21L	33
2022-07-12	England	21L	18
2022-07-13	England	21L	20
2022-07-14	England	21L	14
2022-07-15	England	21L	12
2022-07-16	England	21L	11
2022-07-17	England	21L	10
2022-07-18	England	21L	15
2022-07-19	England	21L	17
2022-07-20	England	21L	17
2022-07-21	England	21L	14
2022-07-22	England	21L	10
2022-07-23	England	21L	5
2022-07-24	England	21L	4
2022-07-25	England	21L	7
2022-07-26	England	21L	13
2022-07-27	England	21L	8
2022-07-28	England	21L	7
2022-07-29	England	21L	4
2022-07-30	England	21L	1
2022-07-31	England	21L	2
2022-08-01	England	21L	4
2022-08-02	England	21L	9
2022-08-03	England	21L	3
2022-08-05	England	21L	2
2022-08-07	England	21L	4
2022-08-08	England	21L	5
2022-08-09	England	21L	1
2022-08-10	England	21L	1
2022-08-11	England	21L	1
2022-08-12	England	21L	4
2022-08-14	England	21L	3
2022-08-15	England	21L	6
2022-08-16	England	21L	4
2022-08-17	England	21L	2
2022-08-19	England	21L	4
2022-08-22	England	21L	2
2022-08-23	England	21L	1
2022-08-24	England	21L	2
2022-08-25	England	21L	1
2022-08-27	England	21L	1
2022-08-28	England	21L	2
2022-08-30	England	21L	3
2022-08-31	England	21L	1
2022-09-01	England	21L	2
2022-09-02	England	21L	2
2022-09-05	England	21L	4
2022-09-06	England	21L	2
2022-09-08	England	21L	2
2022-09-10	England	21L	1
2022-09-12	England	21L	2
2022-09-13	England	21L	2
2022-09-14	England	21L	1
2022-09-16	England	21L	2
2022-09-17	England	21L	1
2022-09-18	England	21L	1
2022-09-21	England	21L	2
2022-09-22	England	21L	1
2022-09-24	England	21L	1
2022-09-26	England	21L	1
2022-09-27	England	21L	3
2022-09-29	England	21L	5
2022-09-30	England	21L	1
2022-10-01	England	21L	1
2022-10-02	England	21L	1
2022-10-03	England	21L	4
2022-10-04	England	21L	1
2022-10-05	England	21L	4
2022-10-06	England	21L	1
2022-10-07	England	21L	3
2022-10-08	England	21L	2
2022-10-09	England	21L	1
2022-10-10	England	21L	4
2022-10-12	England	21L	2
2022-10-13	England	21L	3
2022-10-16	England	21L	1
2022-10-18	England	21L	4
2022-10-19	England	21L	4
2022-10-20	England	21L	4
2022-10-21	England	21L	2
2022-10-22	England	21L	1
2022-10-23	England	21L	3
2022-10-24	England	21L	4
2022-10-25	England	21L	4
2022-10-26	England	21L	3
2022-10-27	England	21L	2
2022-10-28	England	21L	1
2022-10-29	England	21L	4
2022-10-30	England	21L	3
2022-10-31	England	21L	4
2022-11-01	England	21L	4
2022-11-03	England	21L	2
2022-11-04	England	21L	1
2022-11-05	England	21L	1
2022-11-06	England	21L	2
2022-11-07	England	21L	6
2022-11-08	England	21L	2
2022-11-09	England	21L	4
2022-11-10	England	21L	2
2022-11-14	England	21L	2
2022-11-15	England	21L	2
2022-11-16	England	21L	1
2022-11-19	England	21L	1
2022-11-23	England	21L	1
2022-11-25	England	21L	14
2022-11-26	England	21L	1
2022-11-27	England	21L	1
2022-11-28	England	21L	3
2022-11-30	England	21L	4
2022-12-01	England	21L	1
2022-12-02	England	21L	4
2022-12-04	England	21L	1
2022-12-05	England	21L	8
2022-12-06	England	21L	1
2022-12-07	England	21L	3
2022-12-08	England	21L	2
2022-12-09	England	21L	4
2022-12-15	England	21L	15
2022-12-16	England	21L	4
2022-12-17	England	21L	1
2022-12-18	England	21L	1
2022-12-19	England	21L	2
2022-12-21	England	21L	1
2022-12-22	England	21L	2
2022-12-25	England	21L	1
2022-12-27	England	21L	1
2022-12-28	England	21L	4
2022-12-29	England	21L	2
2022-12-30	England	21L	3
2022-12-31	England	21L	1
2023-01-01	England	21L	1
2023-01-02	England	21L	2
2023-01-03	England	21L	2
2023-01-07	England	21L	1
2023-01-10	England	21L	2
2023-01-11	England	21L	1
2023-01-14	England	21L	1
2023-01-17	England	21L	1
2023-01-18	England	21L	1
2023-01-26	England	21L	1
2023-01-28	England	21L	1
2023-01-30	England	21L	1
2023-02-02	England	21L	1
2023-02-13	England	21L	1
2023-02-14	England	21L	1
2023-02-16	England	21L	2
2023-02-17	England	21L	1
2023-02-19	England	21L	1
2023-02-20	England	21L	4
2023-03-02	England	21L	1
2022-03-22	England	22A	1
2022-04-06	England	22A	3
2022-04-07	England	22A	1
2022-04-09	England	22A	1
2022-04-10	England	22A	1
2022-04-12	England	22A	2
2022-04-14	England	22A	1
2022-04-15	England	22A	1
2022-04-17	England	22A	2
2022-04-18	England	22A	1
2022-04-19	England	22A	3
2022-04-21	England	22A	2
2022-04-22	England	22A	2
2022-04-24	England	22A	1
2022-04-25	England	22A	6
2022-04-26	England	22A	10
2022-04-27	England	22A	3
2022-04-28	England	22A	5
2022-04-29	England	22A	5
2022-04-30	England	22A	3
2022-05-01	England	22A	1
2022-05-02	England	22A	5
2022-05-03	England	22A	14
2022-05-04	England	22A	7
2022-05-05	England	22A	8
2022-05-06	England	22A	9
2022-05-07	England	22A	6
2022-05-08	England	22A	7
2022-05-09	England	22A	26
2022-05-10	England	22A	22
2022-05-11	England	22A	18
2022-05-12	England	22A	14
2022-05-13	England	22A	16
2022-05-14	England	22A	21
2022-05-15	England	22A	13
2022-05-16	England	22A	22
2022-05-17	England	22A	42
2022-05-18	England	22A	25
2022-05-19	England	22A	28
2022-05-20	England	22A	24
2022-05-21	England	22A	18
2022-05-22	England	22A	18
2022-05-23	England	22A	26
2022-05-24	England	22A	35
2022-05-25	England	22A	44
2022-05-26	England	22A	25
2022-05-27	England	22A	27
2022-05-28	England	22A	34
2022-05-29	England	22A	28
2022-05-30	England	22A	66
2022-05-31	England	22A	48
2022-06-01	England	22A	55
2022-06-02	England	22A	41
2022-06-03	England	22A	52
2022-06-04	England	22A	63
2022-06-05	England	22A	80
2022-06-06	England	22A	148
2022-06-07	England	22A	156
2022-06-08	England	22A	154
2022-06-09	England	22A	199
2022-06-10	England	22A	144
2022-06-11	England	22A	86
2022-06-12	England	22A	104
2022-06-13	England	22A	239
2022-06-14	England	22A	194
2022-06-15	England	22A	181
2022-06-16	England	22A	240
2022-06-17	England	22A	193
2022-06-18	England	22A	121
2022-06-19	England	22A	141
2022-06-20	England	22A	290
2022-06-21	England	22A	239
2022-06-22	England	22A	292
2022-06-23	England	22A	272
2022-06-24	England	22A	336
2022-06-25	England	22A	154
2022-06-26	England	22A	172
2022-06-27	England	22A	441
2022-06-28	England	22A	367
2022-06-29	England	22A	331
2022-06-30	England	22A	361
2022-07-01	England	22A	330
2022-07-02	England	22A	187
2022-07-03	England	22A	165
2022-07-04	England	22A	364
2022-07-05	England	22A	290
2022-07-06	England	22A	216
2022-07-07	England	22A	211
2022-07-08	England	22A	237
2022-07-09	England	22A	130
2022-07-10	England	22A	147
2022-07-11	England	22A	253
2022-07-12	England	22A	257
2022-07-13	England	22A	185
2022-07-14	England	22A	195
2022-07-15	England	22A	157
2022-07-16	England	22A	118
2022-07-17	England	22A	92
2022-07-18	England	22A	157
2022-07-19	England	22A	151
2022-07-20	England	22A	161
2022-07-21	England	22A	177
2022-07-22	England	22A	161
2022-07-23	England	22A	98
2022-07-24	England	22A	67
2022-07-25	England	22A	172
2022-07-26	England	22A	127
2022-07-27	England	22A	132
2022-07-28	England	22A	101
2022-07-29	England	22A	73
2022-07-30	England	22A	53
2022-07-31	England	22A	79
2022-08-01	England	22A	100
2022-08-02	England	22A	103
2022-08-03	England	22A	96
2022-08-04	England	22A	75
2022-08-05	England	22A	102
2022-08-06	England	22A	40
2022-08-07	England	22A	47
2022-08-08	England	22A	97
2022-08-09	England	22A	85
2022-08-10	England	22A	47
2022-08-11	England	22A	57
2022-08-12	England	22A	61
2022-08-13	England	22A	22
2022-08-14	England	22A	27
2022-08-15	England	22A	52
2022-08-16	England	22A	36
2022-08-17	England	22A	37
2022-08-18	England	22A	40
2022-08-19	England	22A	32
2022-08-20	England	22A	18
2022-08-21	England	22A	12
2022-08-22	England	22A	52
2022-08-23	England	22A	32
2022-08-24	England	22A	30
2022-08-25	England	22A	32
2022-08-26	England	22A	37
2022-08-27	England	22A	13
2022-08-28	England	22A	13
2022-08-29	England	22A	22
2022-08-30	England	22A	49
2022-08-31	England	22A	39
2022-09-01	England	22A	33
2022-09-02	England	22A	25
2022-09-03	England	22A	15
2022-09-04	England	22A	9
2022-09-05	England	22A	38
2022-09-06	England	22A	31
2022-09-07	England	22A	39
2022-09-08	England	22A	22
2022-09-09	England	22A	19
2022-09-10	England	22A	16
2022-09-11	England	22A	11
2022-09-12	England	22A	37
2022-09-13	England	22A	27
2022-09-14	England	22A	29
2022-09-15	England	22A	25
2022-09-16	England	22A	18
2022-09-17	England	22A	16
2022-09-18	England	22A	15
2022-09-19	England	22A	19
2022-09-20	England	22A	43
2022-09-21	England	22A	49
2022-09-22	England	22A	27
2022-09-23	England	22A	48
2022-09-24	England	22A	20
2022-09-25	England	22A	21
2022-09-26	England	22A	44
2022-09-27	England	22A	51
2022-09-28	England	22A	44
2022-09-29	England	22A	45
2022-09-30	England	22A	30
2022-10-01	England	22A	17
2022-10-02	England	22A	27
2022-10-03	England	22A	77
2022-10-04	England	22A	57
2022-10-05	England	22A	50
2022-10-06	England	22A	55
2022-10-07	England	22A	34
2022-10-08	England	22A	20
2022-10-09	England	22A	17
2022-10-10	England	22A	54
2022-10-11	England	22A	44
2022-10-12	England	22A	43
2022-10-13	England	22A	33
2022-10-14	England	22A	31
2022-10-15	England	22A	20
2022-10-16	England	22A	18
2022-10-17	England	22A	55
2022-10-18	England	22A	29
2022-10-19	England	22A	36
2022-10-20	England	22A	16
2022-10-21	England	22A	38
2022-10-22	England	22A	10
2022-10-23	England	22A	6
2022-10-24	England	22A	25
2022-10-25	England	22A	10
2022-10-26	England	22A	20
2022-10-27	England	22A	22
2022-10-28	England	22A	19
2022-10-29	England	22A	12
2022-10-30	England	22A	7
2022-10-31	England	22A	8
2022-11-01	England	22A	10
2022-11-02	England	22A	13
2022-11-03	England	22A	8
2022-11-04	England	22A	6
2022-11-05	England	22A	5
2022-11-06	England	22A	2
2022-11-07	England	22A	9
2022-11-08	England	22A	8
2022-11-09	England	22A	10
2022-11-10	England	22A	7
2022-11-11	England	22A	7
2022-11-12	England	22A	4
2022-11-13	England	22A	8
2022-11-14	England	22A	2
2022-11-15	England	22A	8
2022-11-16	England	22A	1
2022-11-17	England	22A	4
2022-11-18	England	22A	3
2022-11-19	England	22A	5
2022-11-20	England	22A	1
2022-11-21	England	22A	12
2022-11-22	England	22A	7
2022-11-23	England	22A	6
2022-11-24	England	22A	4
2022-11-25	England	22A	7
2022-11-26	England	22A	3
2022-11-27	England	22A	2
2022-11-28	England	22A	12
2022-11-29	England	22A	2
2022-11-30	England	22A	10
2022-12-01	England	22A	6
2022-12-02	England	22A	1
2022-12-03	England	22A	2
2022-12-04	England	22A	6
2022-12-05	England	22A	6
2022-12-06	England	22A	8
2022-12-07	England	22A	4
2022-12-09	England	22A	1
2022-12-10	England	22A	2
2022-12-11	England	22A	1
2022-12-12	England	22A	7
2022-12-13	England	22A	6
2022-12-14	England	22A	4
2022-12-15	England	22A	7
2022-12-16	England	22A	3
2022-12-17	England	22A	2
2022-12-18	England	22A	2
2022-12-19	England	22A	14
2022-12-20	England	22A	9
2022-12-21	England	22A	6
2022-12-22	England	22A	1
2022-12-23	England	22A	4
2022-12-24	England	22A	1
2022-12-27	England	22A	3
2022-12-28	England	22A	12
2022-12-29	England	22A	4
2022-12-30	England	22A	2
2022-12-31	England	22A	1
2023-01-01	England	22A	4
2023-01-02	England	22A	8
2023-01-03	England	22A	7
2023-01-04	England	22A	3
2023-01-05	England	22A	5
2023-01-06	England	22A	3
2023-01-07	England	22A	1
2023-01-09	England	22A	7
2023-01-10	England	22A	2
2023-01-11	England	22A	1
2023-01-12	England	22A	1
2023-01-13	England	22A	1
2023-01-15	England	22A	1
2023-01-20	England	22A	3
2023-01-22	England	22A	1
2023-01-23	England	22A	4
2023-01-24	England	22A	1
2023-01-27	England	22A	1
2023-02-01	England	22A	2
2023-02-02	England	22A	2
2023-02-05	England	22A	1
2023-02-07	England	22A	2
2023-02-08	England	22A	1
2023-02-16	England	22A	1
2023-02-21	England	22A	1
2023-02-23	England	22A	1
2022-01-12	England	22B	1
2022-01-17	England	22B	1
2022-02-01	England	22B	1
2022-02-03	England	22B	1
2022-02-08	England	22B	1
2022-02-12	England	22B	1
2022-02-13	England	22B	1
2022-02-17	England	22B	1
2022-02-20	England	22B	1
2022-02-22	England	22B	2
2022-03-03	England	22B	1
2022-03-11	England	22B	1
2022-03-13	England	22B	1
2022-03-22	England	22B	1
2022-03-30	England	22B	1
2022-04-01	England	22B	2
2022-04-03	England	22B	1
2022-04-04	England	22B	1
2022-04-08	England	22B	1
2022-04-11	England	22B	1
2022-04-13	England	22B	1
2022-04-14	England	22B	1
2022-04-15	England	22B	2
2022-04-16	England	22B	2
2022-04-17	England	22B	1
2022-04-18	England	22B	2
2022-04-19	England	22B	2
2022-04-20	England	22B	2
2022-04-21	England	22B	2
2022-04-22	England	22B	1
2022-04-23	England	22B	2
2022-04-24	England	22B	1
2022-04-25	England	22B	5
2022-04-26	England	22B	6
2022-04-27	England	22B	3
2022-04-28	England	22B	4
2022-04-29	England	22B	5
2022-04-30	England	22B	1
2022-05-01	England	22B	3
2022-05-02	England	22B	4
2022-05-03	England	22B	9
2022-05-04	England	22B	13
2022-05-05	England	22B	7
2022-05-06	England	22B	11
2022-05-07	England	22B	3
2022-05-08	England	22B	8
2022-05-09	England	22B	11
2022-05-10	England	22B	4
2022-05-11	England	22B	16
2022-05-12	England	22B	14
2022-05-13	England	22B	18
2022-05-14	England	22B	19
2022-05-15	England	22B	10
2022-05-16	England	22B	25
2022-05-17	England	22B	35
2022-05-18	England	22B	36
2022-05-19	England	22B	32
2022-05-20	England	22B	30
2022-05-21	England	22B	26
2022-05-22	England	22B	23
2022-05-23	England	22B	41
2022-05-24	England	22B	47
2022-05-25	England	22B	48
2022-05-26	England	22B	44
2022-05-27	England	22B	54
2022-05-28	England	22B	47
2022-05-29	England	22B	57
2022-05-30	England	22B	94
2022-05-31	England	22B	108
2022-06-01	England	22B	100
2022-06-02	England	22B	103
2022-06-03	England	22B	78
2022-06-04	England	22B	147
2022-06-05	England	22B	123
2022-06-06	England	22B	242
2022-06-07	England	22B	314
2022-06-08	England	22B	339
2022-06-09	England	22B	326
2022-06-10	England	22B	329
2022-06-11	England	22B	263
2022-06-12	England	22B	256
2022-06-13	England	22B	525
2022-06-14	England	22B	512
2022-06-15	England	22B	492
2022-06-16	England	22B	445
2022-06-17	England	22B	480
2022-06-18	England	22B	389
2022-06-19	England	22B	430
2022-06-20	England	22B	892
2022-06-21	England	22B	922
2022-06-22	England	22B	856
2022-06-23	England	22B	849
2022-06-24	England	22B	1006
2022-06-25	England	22B	626
2022-06-26	England	22B	661
2022-06-27	England	22B	1135
2022-06-28	England	22B	1238
2022-06-29	England	22B	1320
2022-06-30	England	22B	1256
2022-07-01	England	22B	1144
2022-07-02	England	22B	727
2022-07-03	England	22B	773
2022-07-04	England	22B	1460
2022-07-05	England	22B	1424
2022-07-06	England	22B	1056
2022-07-07	England	22B	1083
2022-07-08	England	22B	1193
2022-07-09	England	22B	649
2022-07-10	England	22B	775
2022-07-11	England	22B	1293
2022-07-12	England	22B	1208
2022-07-13	England	22B	1082
2022-07-14	England	22B	991
2022-07-15	England	22B	752
2022-07-16	England	22B	566
2022-07-17	England	22B	613
2022-07-18	England	22B	1023
2022-07-19	England	22B	1042
2022-07-20	England	22B	1040
2022-07-21	England	22B	1013
2022-07-22	England	22B	956
2022-07-23	England	22B	562
2022-07-24	England	22B	541
2022-07-25	England	22B	1066
2022-07-26	England	22B	977
2022-07-27	England	22B	843
2022-07-28	England	22B	797
2022-07-29	England	22B	680
2022-07-30	England	22B	441
2022-07-31	England	22B	428
2022-08-01	England	22B	865
2022-08-02	England	22B	762
2022-08-03	England	22B	654
2022-08-04	England	22B	560
2022-08-05	England	22B	573
2022-08-06	England	22B	331
2022-08-07	England	22B	294
2022-08-08	England	22B	699
2022-08-09	England	22B	624
2022-08-10	England	22B	580
2022-08-11	England	22B	482
2022-08-12	England	22B	494
2022-08-13	England	22B	287
2022-08-14	England	22B	246
2022-08-15	England	22B	513
2022-08-16	England	22B	430
2022-08-17	England	22B	411
2022-08-18	England	22B	356
2022-08-19	England	22B	354
2022-08-20	England	22B	221
2022-08-21	England	22B	180
2022-08-22	England	22B	427
2022-08-23	England	22B	348
2022-08-24	England	22B	277
2022-08-25	England	22B	267
2022-08-26	England	22B	291
2022-08-27	England	22B	194
2022-08-28	England	22B	161
2022-08-29	England	22B	248
2022-08-30	England	22B	399
2022-08-31	England	22B	316
2022-09-01	England	22B	346
2022-09-02	England	22B	235
2022-09-03	England	22B	168
2022-09-04	England	22B	186
2022-09-05	England	22B	370
2022-09-06	England	22B	300
2022-09-07	England	22B	251
2022-09-08	England	22B	262
2022-09-09	England	22B	228
2022-09-10	England	22B	162
2022-09-11	England	22B	198
2022-09-12	England	22B	372
2022-09-13	England	22B	368
2022-09-14	England	22B	329
2022-09-15	England	22B	317
2022-09-16	England	22B	247
2022-09-17	England	22B	192
2022-09-18	England	22B	162
2022-09-19	England	22B	276
2022-09-20	England	22B	522
2022-09-21	England	22B	550
2022-09-22	England	22B	459
2022-09-23	England	22B	549
2022-09-24	England	22B	308
2022-09-25	England	22B	291
2022-09-26	England	22B	661
2022-09-27	England	22B	577
2022-09-28	England	22B	600
2022-09-29	England	22B	517
2022-09-30	England	22B	455
2022-10-01	England	22B	311
2022-10-02	England	22B	393
2022-10-03	England	22B	897
2022-10-04	England	22B	778
2022-10-05	England	22B	757
2022-10-06	England	22B	770
2022-10-07	England	22B	683
2022-10-08	England	22B	297
2022-10-09	England	22B	293
2022-10-10	England	22B	699
2022-10-11	England	22B	684
2022-10-12	England	22B	542
2022-10-13	England	22B	448
2022-10-14	England	22B	499
2022-10-15	England	22B	293
2022-10-16	England	22B	268
2022-10-17	England	22B	669
2022-10-18	England	22B	573
2022-10-19	England	22B	413
2022-10-20	England	22B	336
2022-10-21	England	22B	397
2022-10-22	England	22B	181
2022-10-23	England	22B	174
2022-10-24	England	22B	339
2022-10-25	England	22B	299
2022-10-26	England	22B	324
2022-10-27	England	22B	286
2022-10-28	England	22B	215
2022-10-29	England	22B	153
2022-10-30	England	22B	130
2022-10-31	England	22B	232
2022-11-01	England	22B	206
2022-11-02	England	22B	214
2022-11-03	England	22B	130
2022-11-04	England	22B	139
2022-11-05	England	22B	65
2022-11-06	England	22B	69
2022-11-07	England	22B	118
2022-11-08	England	22B	145
2022-11-09	England	22B	110
2022-11-10	England	22B	86
2022-11-11	England	22B	134
2022-11-12	England	22B	91
2022-11-13	England	22B	75
2022-11-14	England	22B	138
2022-11-15	England	22B	112
2022-11-16	England	22B	95
2022-11-17	England	22B	115
2022-11-18	England	22B	109
2022-11-19	England	22B	72
2022-11-20	England	22B	45
2022-11-21	England	22B	97
2022-11-22	England	22B	93
2022-11-23	England	22B	66
2022-11-24	England	22B	93
2022-11-25	England	22B	108
2022-11-26	England	22B	55
2022-11-27	England	22B	49
2022-11-28	England	22B	102
2022-11-29	England	22B	111
2022-11-30	England	22B	92
2022-12-01	England	22B	98
2022-12-02	England	22B	92
2022-12-03	England	22B	34
2022-12-04	England	22B	38
2022-12-05	England	22B	119
2022-12-06	England	22B	113
2022-12-07	England	22B	79
2022-12-08	England	22B	93
2022-12-09	England	22B	81
2022-12-10	England	22B	44
2022-12-11	England	22B	55
2022-12-12	England	22B	136
2022-12-13	England	22B	100
2022-12-14	England	22B	57
2022-12-15	England	22B	70
2022-12-16	England	22B	106
2022-12-17	England	22B	52
2022-12-18	England	22B	68
2022-12-19	England	22B	129
2022-12-20	England	22B	126
2022-12-21	England	22B	89
2022-12-22	England	22B	107
2022-12-23	England	22B	54
2022-12-24	England	22B	17
2022-12-25	England	22B	14
2022-12-26	England	22B	31
2022-12-27	England	22B	54
2022-12-28	England	22B	112
2022-12-29	England	22B	122
2022-12-30	England	22B	55
2022-12-31	England	22B	28
2023-01-01	England	22B	13
2023-01-02	England	22B	43
2023-01-03	England	22B	65
2023-01-04	England	22B	56
2023-01-05	England	22B	59
2023-01-06	England	22B	39
2023-01-07	England	22B	23
2023-01-08	England	22B	8
2023-01-09	England	22B	28
2023-01-10	England	22B	21
2023-01-11	England	22B	14
2023-01-12	England	22B	20
2023-01-13	England	22B	17
2023-01-14	England	22B	5
2023-01-15	England	22B	12
2023-01-16	England	22B	17
2023-01-17	England	22B	20
2023-01-18	England	22B	11
2023-01-19	England	22B	17
2023-01-20	England	22B	19
2023-01-21	England	22B	11
2023-01-22	England	22B	13
2023-01-23	England	22B	11
2023-01-24	England	22B	26
2023-01-25	England	22B	17
2023-01-26	England	22B	11
2023-01-27	England	22B	16
2023-01-28	England	22B	5
2023-01-29	England	22B	10
2023-01-30	England	22B	11
2023-01-31	England	22B	32
2023-02-01	England	22B	10
2023-02-02	England	22B	18
2023-02-03	England	22B	10
2023-02-04	England	22B	9
2023-02-05	England	22B	12
2023-02-06	England	22B	14
2023-02-07	England	22B	18
2023-02-08	England	22B	3
2023-02-09	England	22B	16
2023-02-10	England	22B	8
2023-02-11	England	22B	4
2023-02-12	England	22B	9
2023-02-13	England	22B	8
2023-02-14	England	22B	8
2023-02-15	England	22B	8
2023-02-16	England	22B	7
2023-02-17	England	22B	16
2023-02-18	England	22B	2
2023-02-19	England	22B	2
2023-02-20	England	22B	15
2023-02-21	England	22B	4
2023-02-22	England	22B	6
2023-02-23	England	22B	4
2023-02-24	England	22B	7
2023-02-25	England	22B	4
2023-02-26	England	22B	1
2023-02-27	England	22B	5
2023-02-28	England	22B	4
2023-03-01	England	22B	3
2023-03-02	England	22B	6
2023-03-03	England	22B	3
2023-03-04	England	22B	16
2023-03-05	England	22B	4
2023-03-06	England	22B	2
2023-03-07	England	22B	8
2023-03-08	England	22B	4
2023-03-09	England	22B	4
2023-03-10	England	22B	5
2023-03-11	England	22B	11
2023-03-12	England	22B	3
2023-03-13	England	22B	5
2022-02-16	England	22C	1
2022-03-02	England	22C	2
2022-03-27	England	22C	2
2022-04-03	England	22C	1
2022-04-04	England	22C	3
2022-04-05	England	22C	1
2022-04-08	England	22C	1
2022-04-10	England	22C	2
2022-04-12	England	22C	1
2022-04-13	England	22C	1
2022-04-14	England	22C	1
2022-04-15	England	22C	2
2022-04-16	England	22C	1
2022-04-18	England	22C	4
2022-04-19	England	22C	2
2022-04-20	England	22C	1
2022-04-21	England	22C	5
2022-04-22	England	22C	2
2022-04-23	England	22C	3
2022-04-24	England	22C	2
2022-04-25	England	22C	4
2022-04-26	England	22C	10
2022-04-27	England	22C	7
2022-04-28	England	22C	5
2022-04-29	England	22C	12
2022-04-30	England	22C	3
2022-05-01	England	22C	8
2022-05-02	England	22C	11
2022-05-03	England	22C	5
2022-05-04	England	22C	17
2022-05-05	England	22C	7
2022-05-06	England	22C	11
2022-05-07	England	22C	8
2022-05-08	England	22C	6
2022-05-09	England	22C	15
2022-05-10	England	22C	15
2022-05-11	England	22C	14
2022-05-12	England	22C	15
2022-05-13	England	22C	17
2022-05-14	England	22C	9
2022-05-15	England	22C	10
2022-05-16	England	22C	30
2022-05-17	England	22C	32
2022-05-18	England	22C	36
2022-05-19	England	22C	21
2022-05-20	England	22C	25
2022-05-21	England	22C	21
2022-05-22	England	22C	19
2022-05-23	England	22C	35
2022-05-24	England	22C	32
2022-05-25	England	22C	33
2022-05-26	England	22C	33
2022-05-27	England	22C	36
2022-05-28	England	22C	26
2022-05-29	England	22C	33
2022-05-30	England	22C	55
2022-05-31	England	22C	66
2022-06-01	England	22C	57
2022-06-02	England	22C	30
2022-06-03	England	22C	34
2022-06-04	England	22C	62
2022-06-05	England	22C	50
2022-06-06	England	22C	83
2022-06-07	England	22C	107
2022-06-08	England	22C	104
2022-06-09	England	22C	90
2022-06-10	England	22C	75
2022-06-11	England	22C	74
2022-06-12	England	22C	47
2022-06-13	England	22C	118
2022-06-14	England	22C	99
2022-06-15	England	22C	88
2022-06-16	England	22C	58
2022-06-17	England	22C	78
2022-06-18	England	22C	55
2022-06-19	England	22C	52
2022-06-20	England	22C	93
2022-06-21	England	22C	92
2022-06-22	England	22C	99
2022-06-23	England	22C	63
2022-06-24	England	22C	57
2022-06-25	England	22C	47
2022-06-26	England	22C	51
2022-06-27	England	22C	96
2022-06-28	England	22C	65
2022-06-29	England	22C	76
2022-06-30	England	22C	63
2022-07-01	England	22C	48
2022-07-02	England	22C	38
2022-07-03	England	22C	30
2022-07-04	England	22C	73
2022-07-05	England	22C	40
2022-07-06	England	22C	30
2022-07-07	England	22C	33
2022-07-08	England	22C	35
2022-07-09	England	22C	17
2022-07-10	England	22C	15
2022-07-11	England	22C	16
2022-07-12	England	22C	25
2022-07-13	England	22C	13
2022-07-14	England	22C	15
2022-07-15	England	22C	16
2022-07-16	England	22C	12
2022-07-17	England	22C	2
2022-07-18	England	22C	12
2022-07-19	England	22C	12
2022-07-20	England	22C	5
2022-07-21	England	22C	7
2022-07-22	England	22C	3
2022-07-23	England	22C	1
2022-07-24	England	22C	3
2022-07-25	England	22C	7
2022-07-26	England	22C	7
2022-07-27	England	22C	4
2022-07-28	England	22C	7
2022-07-29	England	22C	2
2022-07-30	England	22C	3
2022-07-31	England	22C	3
2022-08-01	England	22C	3
2022-08-02	England	22C	7
2022-08-03	England	22C	1
2022-08-07	England	22C	3
2022-08-08	England	22C	1
2022-08-11	England	22C	1
2022-08-12	England	22C	1
2022-08-15	England	22C	1
2022-08-17	England	22C	1
2022-08-19	England	22C	1
2022-08-24	England	22C	1
2022-08-25	England	22C	1
2022-08-28	England	22C	1
2022-08-29	England	22C	1
2022-09-02	England	22C	1
2022-09-05	England	22C	1
2022-09-09	England	22C	3
2022-09-18	England	22C	1
2022-10-04	England	22C	1
2022-02-07	England	22D	1
2022-06-20	England	22D	2
2022-06-21	England	22D	3
2022-06-22	England	22D	1
2022-06-24	England	22D	2
2022-06-25	England	22D	1
2022-06-26	England	22D	1
2022-06-27	England	22D	1
2022-06-28	England	22D	1
2022-07-01	England	22D	1
2022-07-02	England	22D	1
2022-07-05	England	22D	1
2022-07-07	England	22D	1
2022-07-09	England	22D	2
2022-07-12	England	22D	1
2022-07-15	England	22D	1
2022-07-16	England	22D	1
2022-07-18	England	22D	2
2022-07-19	England	22D	1
2022-07-24	England	22D	1
2022-07-26	England	22D	3
2022-07-29	England	22D	1
2022-07-30	England	22D	1
2022-08-02	England	22D	1
2022-08-03	England	22D	1
2022-08-04	England	22D	4
2022-08-05	England	22D	3
2022-08-06	England	22D	2
2022-08-07	England	22D	2
2022-08-08	England	22D	4
2022-08-09	England	22D	6
2022-08-10	England	22D	2
2022-08-12	England	22D	1
2022-08-13	England	22D	1
2022-08-14	England	22D	1
2022-08-15	England	22D	3
2022-08-16	England	22D	6
2022-08-17	England	22D	3
2022-08-18	England	22D	4
2022-08-19	England	22D	2
2022-08-20	England	22D	4
2022-08-21	England	22D	6
2022-08-22	England	22D	3
2022-08-23	England	22D	5
2022-08-24	England	22D	5
2022-08-25	England	22D	1
2022-08-26	England	22D	4
2022-08-27	England	22D	6
2022-08-28	England	22D	3
2022-08-29	England	22D	1
2022-08-30	England	22D	10
2022-08-31	England	22D	2
2022-09-01	England	22D	6
2022-09-02	England	22D	2
2022-09-03	England	22D	3
2022-09-05	England	22D	5
2022-09-06	England	22D	8
2022-09-07	England	22D	8
2022-09-08	England	22D	8
2022-09-09	England	22D	6
2022-09-10	England	22D	7
2022-09-11	England	22D	6
2022-09-12	England	22D	16
2022-09-13	England	22D	20
2022-09-14	England	22D	18
2022-09-15	England	22D	17
2022-09-16	England	22D	11
2022-09-17	England	22D	13
2022-09-18	England	22D	3
2022-09-19	England	22D	12
2022-09-20	England	22D	17
2022-09-21	England	22D	39
2022-09-22	England	22D	46
2022-09-23	England	22D	35
2022-09-24	England	22D	14
2022-09-25	England	22D	23
2022-09-26	England	22D	38
2022-09-27	England	22D	33
2022-09-28	England	22D	39
2022-09-29	England	22D	30
2022-09-30	England	22D	19
2022-10-01	England	22D	25
2022-10-02	England	22D	28
2022-10-03	England	22D	67
2022-10-04	England	22D	59
2022-10-05	England	22D	45
2022-10-06	England	22D	47
2022-10-07	England	22D	50
2022-10-08	England	22D	30
2022-10-09	England	22D	27
2022-10-10	England	22D	50
2022-10-11	England	22D	48
2022-10-12	England	22D	36
2022-10-13	England	22D	33
2022-10-14	England	22D	49
2022-10-15	England	22D	28
2022-10-16	England	22D	20
2022-10-17	England	22D	62
2022-10-18	England	22D	56
2022-10-19	England	22D	58
2022-10-20	England	22D	41
2022-10-21	England	22D	39
2022-10-22	England	22D	27
2022-10-23	England	22D	17
2022-10-24	England	22D	68
2022-10-25	England	22D	59
2022-10-26	England	22D	41
2022-10-27	England	22D	42
2022-10-28	England	22D	42
2022-10-29	England	22D	12
2022-10-30	England	22D	13
2022-10-31	England	22D	36
2022-11-01	England	22D	28
2022-11-02	England	22D	30
2022-11-03	England	22D	36
2022-11-04	England	22D	29
2022-11-05	England	22D	16
2022-11-06	England	22D	11
2022-11-07	England	22D	28
2022-11-08	England	22D	31
2022-11-09	England	22D	26
2022-11-10	England	22D	42
2022-11-11	England	22D	51
2022-11-12	England	22D	23
2022-11-13	England	22D	13
2022-11-14	England	22D	35
2022-11-15	England	22D	32
2022-11-16	England	22D	40
2022-11-17	England	22D	30
2022-11-18	England	22D	32
2022-11-19	England	22D	23
2022-11-20	England	22D	17
2022-11-21	England	22D	59
2022-11-22	England	22D	37
2022-11-23	England	22D	32
2022-11-24	England	22D	32
2022-11-25	England	22D	42
2022-11-26	England	22D	27
2022-11-27	England	22D	22
2022-11-28	England	22D	79
2022-11-29	England	22D	73
2022-11-30	England	22D	43
2022-12-01	England	22D	23
2022-12-02	England	22D	41
2022-12-03	England	22D	20
2022-12-04	England	22D	17
2022-12-05	England	22D	76
2022-12-06	England	22D	60
2022-12-07	England	22D	61
2022-12-08	England	22D	55
2022-12-09	England	22D	77
2022-12-10	England	22D	30
2022-12-11	England	22D	21
2022-12-12	England	22D	70
2022-12-13	England	22D	87
2022-12-14	England	22D	60
2022-12-15	England	22D	54
2022-12-16	England	22D	47
2022-12-17	England	22D	34
2022-12-18	England	22D	37
2022-12-19	England	22D	90
2022-12-20	England	22D	102
2022-12-21	England	22D	58
2022-12-22	England	22D	51
2022-12-23	England	22D	29
2022-12-24	England	22D	31
2022-12-25	England	22D	22
2022-12-26	England	22D	33
2022-12-27	England	22D	50
2022-12-28	England	22D	121
2022-12-29	England	22D	82
2022-12-30	England	22D	54
2022-12-31	England	22D	23
2023-01-01	England	22D	27
2023-01-02	England	22D	48
2023-01-03	England	22D	115
2023-01-04	England	22D	65
2023-01-05	England	22D	95
2023-01-06	England	22D	41
2023-01-07	England	22D	21
2023-01-08	England	22D	13
2023-01-09	England	22D	46
2023-01-10	England	22D	31
2023-01-11	England	22D	19
2023-01-12	England	22D	14
2023-01-13	England	22D	23
2023-01-14	England	22D	14
2023-01-15	England	22D	5
2023-01-16	England	22D	24
2023-01-17	England	22D	20
2023-01-18	England	22D	15
2023-01-19	England	22D	6
2023-01-20	England	22D	7
2023-01-21	England	22D	10
2023-01-22	England	22D	14
2023-01-23	England	22D	30
2023-01-24	England	22D	12
2023-01-25	England	22D	16
2023-01-26	England	22D	12
2023-01-27	England	22D	17
2023-01-28	England	22D	7
2023-01-29	England	22D	14
2023-01-30	England	22D	13
2023-01-31	England	22D	11
2023-02-01	England	22D	18
2023-02-02	England	22D	17
2023-02-03	England	22D	9
2023-02-04	England	22D	3
2023-02-05	England	22D	9
2023-02-06	England	22D	14
2023-02-07	England	22D	19
2023-02-08	England	22D	14
2023-02-09	England	22D	7
2023-02-10	England	22D	12
2023-02-11	England	22D	6
2023-02-12	England	22D	9
2023-02-13	England	22D	6
2023-02-14	England	22D	8
2023-02-15	England	22D	13
2023-02-16	England	22D	24
2023-02-17	England	22D	9
2023-02-18	England	22D	1
2023-02-19	England	22D	5
2023-02-20	England	22D	14
2023-02-21	England	22D	6
2023-02-22	England	22D	4
2023-02-23	England	22D	5
2023-02-24	England	22D	8
2023-02-25	England	22D	1
2023-02-26	England	22D	1
2023-02-27	England	22D	1
2023-02-28	England	22D	4
2023-03-01	England	22D	3
2023-03-02	England	22D	2
2023-03-03	England	22D	4
2023-03-04	England	22D	2
2023-03-05	England	22D	3
2023-03-06	England	22D	3
2023-03-07	England	22D	9
2023-03-08	England	22D	4
2023-03-09	England	22D	5
2023-03-10	England	22D	1
2023-03-12	England	22D	1
2023-03-13	England	22D	2
2022-02-11	England	22E	1
2022-04-23	England	22E	1
2022-08-05	England	22E	1
2022-08-12	England	22E	1
2022-08-22	England	22E	1
2022-08-24	England	22E	1
2022-08-26	England	22E	2
2022-08-27	England	22E	1
2022-08-30	England	22E	1
2022-09-01	England	22E	8
2022-09-02	England	22E	1
2022-09-03	England	22E	1
2022-09-04	England	22E	2
2022-09-05	England	22E	3
2022-09-06	England	22E	2
2022-09-07	England	22E	3
2022-09-08	England	22E	9
2022-09-09	England	22E	13
2022-09-10	England	22E	3
2022-09-11	England	22E	1
2022-09-12	England	22E	12
2022-09-13	England	22E	11
2022-09-14	England	22E	12
2022-09-15	England	22E	10
2022-09-16	England	22E	7
2022-09-17	England	22E	9
2022-09-18	England	22E	8
2022-09-19	England	22E	5
2022-09-20	England	22E	35
2022-09-21	England	22E	38
2022-09-22	England	22E	28
2022-09-23	England	22E	30
2022-09-24	England	22E	26
2022-09-25	England	22E	11
2022-09-26	England	22E	62
2022-09-27	England	22E	66
2022-09-28	England	22E	62
2022-09-29	England	22E	50
2022-09-30	England	22E	48
2022-10-01	England	22E	45
2022-10-02	England	22E	44
2022-10-03	England	22E	94
2022-10-04	England	22E	134
2022-10-05	England	22E	156
2022-10-06	England	22E	117
2022-10-07	England	22E	123
2022-10-08	England	22E	95
2022-10-09	England	22E	57
2022-10-10	England	22E	171
2022-10-11	England	22E	162
2022-10-12	England	22E	146
2022-10-13	England	22E	161
2022-10-14	England	22E	140
2022-10-15	England	22E	89
2022-10-16	England	22E	86
2022-10-17	England	22E	235
2022-10-18	England	22E	190
2022-10-19	England	22E	179
2022-10-20	England	22E	163
2022-10-21	England	22E	205
2022-10-22	England	22E	105
2022-10-23	England	22E	78
2022-10-24	England	22E	241
2022-10-25	England	22E	189
2022-10-26	England	22E	184
2022-10-27	England	22E	147
2022-10-28	England	22E	167
2022-10-29	England	22E	112
2022-10-30	England	22E	73
2022-10-31	England	22E	174
2022-11-01	England	22E	186
2022-11-02	England	22E	138
2022-11-03	England	22E	153
2022-11-04	England	22E	124
2022-11-05	England	22E	70
2022-11-06	England	22E	73
2022-11-07	England	22E	189
2022-11-08	England	22E	185
2022-11-09	England	22E	150
2022-11-10	England	22E	142
2022-11-11	England	22E	154
2022-11-12	England	22E	83
2022-11-13	England	22E	68
2022-11-14	England	22E	203
2022-11-15	England	22E	194
2022-11-16	England	22E	169
2022-11-17	England	22E	176
2022-11-18	England	22E	190
2022-11-19	England	22E	123
2022-11-20	England	22E	87
2022-11-21	England	22E	222
2022-11-22	England	22E	238
2022-11-23	England	22E	204
2022-11-24	England	22E	234
2022-11-25	England	22E	215
2022-11-26	England	22E	153
2022-11-27	England	22E	136
2022-11-28	England	22E	332
2022-11-29	England	22E	380
2022-11-30	England	22E	281
2022-12-01	England	22E	236
2022-12-02	England	22E	406
2022-12-03	England	22E	169
2022-12-04	England	22E	173
2022-12-05	England	22E	387
2022-12-06	England	22E	438
2022-12-07	England	22E	382
2022-12-08	England	22E	423
2022-12-09	England	22E	398
2022-12-10	England	22E	225
2022-12-11	England	22E	191
2022-12-12	England	22E	661
2022-12-13	England	22E	605
2022-12-14	England	22E	527
2022-12-15	England	22E	431
2022-12-16	England	22E	589
2022-12-17	England	22E	288
2022-12-18	England	22E	262
2022-12-19	England	22E	819
2022-12-20	England	22E	831
2022-12-21	England	22E	648
2022-12-22	England	22E	491
2022-12-23	England	22E	408
2022-12-24	England	22E	168
2022-12-25	England	22E	107
2022-12-26	England	22E	218
2022-12-27	England	22E	403
2022-12-28	England	22E	689
2022-12-29	England	22E	706
2022-12-30	England	22E	489
2022-12-31	England	22E	210
2023-01-01	England	22E	130
2023-01-02	England	22E	326
2023-01-03	England	22E	555
2023-01-04	England	22E	494
2023-01-05	England	22E	392
2023-01-06	England	22E	372
2023-01-07	England	22E	198
2023-01-08	England	22E	131
2023-01-09	England	22E	300
2023-01-10	England	22E	283
2023-01-11	England	22E	207
2023-01-12	England	22E	159
2023-01-13	England	22E	157
2023-01-14	England	22E	89
2023-01-15	England	22E	84
2023-01-16	England	22E	181
2023-01-17	England	22E	146
2023-01-18	England	22E	138
2023-01-19	England	22E	140
2023-01-20	England	22E	143
2023-01-21	England	22E	67
2023-01-22	England	22E	67
2023-01-23	England	22E	133
2023-01-24	England	22E	188
2023-01-25	England	22E	136
2023-01-26	England	22E	150
2023-01-27	England	22E	129
2023-01-28	England	22E	78
2023-01-29	England	22E	90
2023-01-30	England	22E	228
2023-01-31	England	22E	180
2023-02-01	England	22E	211
2023-02-02	England	22E	179
2023-02-03	England	22E	134
2023-02-04	England	22E	90
2023-02-05	England	22E	75
2023-02-06	England	22E	143
2023-02-07	England	22E	141
2023-02-08	England	22E	126
2023-02-09	England	22E	116
2023-02-10	England	22E	127
2023-02-11	England	22E	86
2023-02-12	England	22E	91
2023-02-13	England	22E	178
2023-02-14	England	22E	157
2023-02-15	England	22E	111
2023-02-16	England	22E	140
2023-02-17	England	22E	148
2023-02-18	England	22E	69
2023-02-19	England	22E	65
2023-02-20	England	22E	152
2023-02-21	England	22E	150
2023-02-22	England	22E	92
2023-02-23	England	22E	77
2023-02-24	England	22E	73
2023-02-25	England	22E	40
2023-02-26	England	22E	32
2023-02-27	England	22E	84
2023-02-28	England	22E	126
2023-03-01	England	22E	65
2023-03-02	England	22E	45
2023-03-03	England	22E	45
2023-03-04	England	22E	19
2023-03-05	England	22E	49
2023-03-06	England	22E	55
2023-03-07	England	22E	80
2023-03-08	England	22E	50
2023-03-09	England	22E	34
2023-03-10	England	22E	48
2023-03-11	England	22E	29
2023-03-12	England	22E	20
2023-03-13	England	22E	51
2022-01-31	England	22F	1
2022-09-10	England	22F	1
2022-09-17	England	22F	1
2022-09-20	England	22F	2
2022-09-26	England	22F	1
2022-09-27	England	22F	1
2022-09-29	England	22F	1
2022-09-30	England	22F	1
2022-10-01	England	22F	2
2022-10-02	England	22F	2
2022-10-04	England	22F	2
2022-10-05	England	22F	4
2022-10-06	England	22F	4
2022-10-07	England	22F	3
2022-10-09	England	22F	2
2022-10-10	England	22F	4
2022-10-11	England	22F	2
2022-10-12	England	22F	6
2022-10-13	England	22F	7
2022-10-14	England	22F	5
2022-10-15	England	22F	1
2022-10-16	England	22F	8
2022-10-17	England	22F	16
2022-10-18	England	22F	9
2022-10-19	England	22F	5
2022-10-20	England	22F	4
2022-10-21	England	22F	11
2022-10-22	England	22F	7
2022-10-23	England	22F	5
2022-10-24	England	22F	6
2022-10-25	England	22F	3
2022-10-26	England	22F	6
2022-10-27	England	22F	5
2022-10-28	England	22F	9
2022-10-29	England	22F	2
2022-10-30	England	22F	5
2022-10-31	England	22F	8
2022-11-01	England	22F	10
2022-11-02	England	22F	4
2022-11-03	England	22F	11
2022-11-04	England	22F	7
2022-11-05	England	22F	1
2022-11-06	England	22F	2
2022-11-07	England	22F	15
2022-11-08	England	22F	8
2022-11-09	England	22F	15
2022-11-10	England	22F	10
2022-11-11	England	22F	13
2022-11-12	England	22F	4
2022-11-13	England	22F	6
2022-11-14	England	22F	21
2022-11-15	England	22F	6
2022-11-16	England	22F	24
2022-11-17	England	22F	10
2022-11-18	England	22F	18
2022-11-19	England	22F	4
2022-11-20	England	22F	10
2022-11-21	England	22F	18
2022-11-22	England	22F	19
2022-11-23	England	22F	18
2022-11-24	England	22F	11
2022-11-25	England	22F	21
2022-11-26	England	22F	9
2022-11-27	England	22F	9
2022-11-28	England	22F	26
2022-11-29	England	22F	42
2022-11-30	England	22F	24
2022-12-01	England	22F	15
2022-12-02	England	22F	14
2022-12-03	England	22F	20
2022-12-04	England	22F	9
2022-12-05	England	22F	44
2022-12-06	England	22F	40
2022-12-07	England	22F	29
2022-12-08	England	22F	21
2022-12-09	England	22F	17
2022-12-10	England	22F	20
2022-12-11	England	22F	12
2022-12-12	England	22F	49
2022-12-13	England	22F	51
2022-12-14	England	22F	49
2022-12-15	England	22F	31
2022-12-16	England	22F	50
2022-12-17	England	22F	22
2022-12-18	England	22F	16
2022-12-19	England	22F	77
2022-12-20	England	22F	55
2022-12-21	England	22F	40
2022-12-22	England	22F	26
2022-12-23	England	22F	23
2022-12-24	England	22F	4
2022-12-25	England	22F	8
2022-12-26	England	22F	27
2022-12-27	England	22F	41
2022-12-28	England	22F	54
2022-12-29	England	22F	41
2022-12-30	England	22F	37
2022-12-31	England	22F	14
2023-01-01	England	22F	17
2023-01-02	England	22F	20
2023-01-03	England	22F	28
2023-01-04	England	22F	22
2023-01-05	England	22F	21
2023-01-06	England	22F	8
2023-01-07	England	22F	13
2023-01-08	England	22F	3
2023-01-09	England	22F	12
2023-01-10	England	22F	9
2023-01-11	England	22F	7
2023-01-12	England	22F	11
2023-01-13	England	22F	7
2023-01-14	England	22F	2
2023-01-15	England	22F	5
2023-01-16	England	22F	3
2023-01-17	England	22F	5
2023-01-18	England	22F	7
2023-01-19	England	22F	8
2023-01-20	England	22F	4
2023-01-21	England	22F	5
2023-01-22	England	22F	1
2023-01-23	England	22F	2
2023-01-24	England	22F	3
2023-01-25	England	22F	1
2023-01-26	England	22F	4
2023-01-27	England	22F	4
2023-01-29	England	22F	2
2023-01-30	England	22F	2
2023-01-31	England	22F	2
2023-02-01	England	22F	5
2023-02-02	England	22F	3
2023-02-03	England	22F	3
2023-02-04	England	22F	5
2023-02-05	England	22F	1
2023-02-06	England	22F	2
2023-02-07	England	22F	6
2023-02-08	England	22F	5
2023-02-09	England	22F	3
2023-02-10	England	22F	6
2023-02-11	England	22F	6
2023-02-12	England	22F	5
2023-02-13	England	22F	11
2023-02-14	England	22F	10
2023-02-15	England	22F	4
2023-02-16	England	22F	2
2023-02-17	England	22F	9
2023-02-18	England	22F	3
2023-02-19	England	22F	1
2023-02-20	England	22F	5
2023-02-21	England	22F	6
2023-02-22	England	22F	4
2023-02-23	England	22F	18
2023-02-24	England	22F	15
2023-02-25	England	22F	2
2023-02-26	England	22F	8
2023-02-27	England	22F	9
2023-02-28	England	22F	7
2023-03-01	England	22F	11
2023-03-02	England	22F	7
2023-03-03	England	22F	16
2023-03-04	England	22F	17
2023-03-05	England	22F	3
2023-03-06	England	22F	12
2023-03-07	England	22F	8
2023-03-08	England	22F	7
2023-03-09	England	22F	13
2023-03-10	England	22F	16
2023-03-11	England	22F	2
2023-03-12	England	22F	4
2023-03-13	England	22F	9
2022-10-30	England	23A	1
2022-11-24	England	23A	1
2022-11-25	England	23A	1
2022-11-28	England	23A	1
2022-11-29	England	23A	3
2022-11-30	England	23A	1
2022-12-01	England	23A	1
2022-12-02	England	23A	1
2022-12-05	England	23A	2
2022-12-06	England	23A	1
2022-12-07	England	23A	2
2022-12-10	England	23A	2
2022-12-11	England	23A	2
2022-12-12	England	23A	5
2022-12-13	England	23A	10
2022-12-14	England	23A	9
2022-12-15	England	23A	8
2022-12-16	England	23A	17
2022-12-17	England	23A	7
2022-12-18	England	23A	3
2022-12-19	England	23A	16
2022-12-20	England	23A	32
2022-12-21	England	23A	28
2022-12-22	England	23A	17
2022-12-23	England	23A	9
2022-12-24	England	23A	9
2022-12-25	England	23A	8
2022-12-26	England	23A	28
2022-12-27	England	23A	56
2022-12-28	England	23A	25
2022-12-29	England	23A	45
2022-12-30	England	23A	55
2022-12-31	England	23A	18
2023-01-01	England	23A	15
2023-01-02	England	23A	50
2023-01-03	England	23A	67
2023-01-04	England	23A	69
2023-01-05	England	23A	34
2023-01-06	England	23A	61
2023-01-07	England	23A	17
2023-01-08	England	23A	15
2023-01-09	England	23A	45
2023-01-10	England	23A	49
2023-01-11	England	23A	19
2023-01-12	England	23A	25
2023-01-13	England	23A	52
2023-01-14	England	23A	24
2023-01-15	England	23A	22
2023-01-16	England	23A	45
2023-01-17	England	23A	40
2023-01-18	England	23A	32
2023-01-19	England	23A	40
2023-01-20	England	23A	40
2023-01-21	England	23A	43
2023-01-22	England	23A	33
2023-01-23	England	23A	44
2023-01-24	England	23A	74
2023-01-25	England	23A	75
2023-01-26	England	23A	69
2023-01-27	England	23A	84
2023-01-28	England	23A	54
2023-01-29	England	23A	61
2023-01-30	England	23A	101
2023-01-31	England	23A	144
2023-02-01	England	23A	172
2023-02-02	England	23A	129
2023-02-03	England	23A	142
2023-02-04	England	23A	87
2023-02-05	England	23A	113
2023-02-06	England	23A	221
2023-02-07	England	23A	176
2023-02-08	England	23A	178
2023-02-09	England	23A	186
2023-02-10	England	23A	216
2023-02-11	England	23A	131
2023-02-12	England	23A	118
2023-02-13	England	23A	311
2023-02-14	England	23A	284
2023-02-15	England	23A	231
2023-02-16	England	23A	259
2023-02-17	England	23A	243
2023-02-18	England	23A	129
2023-02-19	England	23A	177
2023-02-20	England	23A	360
2023-02-21	England	23A	372
2023-02-22	England	23A	274
2023-02-23	England	23A	285
2023-02-24	England	23A	271
2023-02-25	England	23A	143
2023-02-26	England	23A	124
2023-02-27	England	23A	313
2023-02-28	England	23A	327
2023-03-01	England	23A	339
2023-03-02	England	23A	288
2023-03-03	England	23A	236
2023-03-04	England	23A	169
2023-03-05	England	23A	147
2023-03-06	England	23A	361
2023-03-07	England	23A	350
2023-03-08	England	23A	330
2023-03-09	England	23A	286
2023-03-10	England	23A	250
2023-03-11	England	23A	139
2023-03-12	England	23A	153
2023-03-13	England	23A	384
2022-10-03	England	23C	1
2022-10-07	England	23C	2
2022-10-16	England	23C	1
2022-10-17	England	23C	9
2022-10-18	England	23C	3
2022-10-19	England	23C	2
2022-10-21	England	23C	3
2022-10-23	England	23C	3
2022-10-24	England	23C	3
2022-10-25	England	23C	3
2022-10-26	England	23C	3
2022-10-27	England	23C	2
2022-10-28	England	23C	2
2022-10-29	England	23C	5
2022-10-30	England	23C	1
2022-10-31	England	23C	3
2022-11-01	England	23C	4
2022-11-02	England	23C	2
2022-11-03	England	23C	2
2022-11-04	England	23C	4
2022-11-05	England	23C	3
2022-11-06	England	23C	1
2022-11-07	England	23C	13
2022-11-08	England	23C	1
2022-11-09	England	23C	6
2022-11-10	England	23C	4
2022-11-11	England	23C	6
2022-11-12	England	23C	4
2022-11-13	England	23C	4
2022-11-14	England	23C	8
2022-11-15	England	23C	25
2022-11-16	England	23C	10
2022-11-17	England	23C	12
2022-11-18	England	23C	7
2022-11-19	England	23C	5
2022-11-20	England	23C	6
2022-11-21	England	23C	12
2022-11-22	England	23C	22
2022-11-23	England	23C	21
2022-11-24	England	23C	29
2022-11-25	England	23C	26
2022-11-26	England	23C	33
2022-11-27	England	23C	16
2022-11-28	England	23C	39
2022-11-29	England	23C	57
2022-11-30	England	23C	34
2022-12-01	England	23C	20
2022-12-02	England	23C	50
2022-12-03	England	23C	27
2022-12-04	England	23C	25
2022-12-05	England	23C	69
2022-12-06	England	23C	62
2022-12-07	England	23C	98
2022-12-08	England	23C	44
2022-12-09	England	23C	51
2022-12-10	England	23C	35
2022-12-11	England	23C	38
2022-12-12	England	23C	133
2022-12-13	England	23C	100
2022-12-14	England	23C	79
2022-12-15	England	23C	121
2022-12-16	England	23C	124
2022-12-17	England	23C	111
2022-12-18	England	23C	62
2022-12-19	England	23C	240
2022-12-20	England	23C	210
2022-12-21	England	23C	214
2022-12-22	England	23C	104
2022-12-23	England	23C	129
2022-12-24	England	23C	62
2022-12-25	England	23C	35
2022-12-26	England	23C	74
2022-12-27	England	23C	158
2022-12-28	England	23C	290
2022-12-29	England	23C	278
2022-12-30	England	23C	195
2022-12-31	England	23C	126
2023-01-01	England	23C	64
2023-01-02	England	23C	153
2023-01-03	England	23C	298
2023-01-04	England	23C	256
2023-01-05	England	23C	234
2023-01-06	England	23C	139
2023-01-07	England	23C	94
2023-01-08	England	23C	56
2023-01-09	England	23C	159
2023-01-10	England	23C	133
2023-01-11	England	23C	113
2023-01-12	England	23C	77
2023-01-13	England	23C	86
2023-01-14	England	23C	52
2023-01-15	England	23C	60
2023-01-16	England	23C	119
2023-01-17	England	23C	91
2023-01-18	England	23C	78
2023-01-19	England	23C	102
2023-01-20	England	23C	53
2023-01-21	England	23C	34
2023-01-22	England	23C	55
2023-01-23	England	23C	114
2023-01-24	England	23C	140
2023-01-25	England	23C	144
2023-01-26	England	23C	107
2023-01-27	England	23C	129
2023-01-28	England	23C	91
2023-01-29	England	23C	61
2023-01-30	England	23C	152
2023-01-31	England	23C	163
2023-02-01	England	23C	121
2023-02-02	England	23C	139
2023-02-03	England	23C	184
2023-02-04	England	23C	80
2023-02-05	England	23C	88
2023-02-06	England	23C	185
2023-02-07	England	23C	189
2023-02-08	England	23C	147
2023-02-09	England	23C	124
2023-02-10	England	23C	152
2023-02-11	England	23C	86
2023-02-12	England	23C	71
2023-02-13	England	23C	175
2023-02-14	England	23C	151
2023-02-15	England	23C	114
2023-02-16	England	23C	173
2023-02-17	England	23C	161
2023-02-18	England	23C	106
2023-02-19	England	23C	72
2023-02-20	England	23C	184
2023-02-21	England	23C	220
2023-02-22	England	23C	137
2023-02-23	England	23C	101
2023-02-24	England	23C	121
2023-02-25	England	23C	49
2023-02-26	England	23C	66
2023-02-27	England	23C	173
2023-02-28	England	23C	145
2023-03-01	England	23C	170
2023-03-02	England	23C	100
2023-03-03	England	23C	107
2023-03-04	England	23C	60
2023-03-05	England	23C	56
2023-03-06	England	23C	99
2023-03-07	England	23C	127
2023-03-08	England	23C	78
2023-03-09	England	23C	72
2023-03-10	England	23C	62
2023-03-11	England	23C	39
2023-03-12	England	23C	31
2023-03-13	England	23C	88
2022-10-12	England	23D	1
2022-10-17	England	23D	1
2022-10-23	England	23D	1
2022-10-27	England	23D	1
2022-10-31	England	23D	1
2022-11-03	England	23D	1
2022-11-10	England	23D	1
2022-11-25	England	23D	2
2022-11-28	England	23D	1
2022-12-12	England	23D	3
2022-12-13	England	23D	10
2022-12-19	England	23D	1
2022-12-20	England	23D	1
2022-12-21	England	23D	1
2022-12-22	England	23D	1
2022-12-24	England	23D	1
2022-12-25	England	23D	1
2022-12-28	England	23D	1
2022-12-29	England	23D	1
2022-12-30	England	23D	2
2023-01-01	England	23D	2
2023-01-03	England	23D	4
2023-01-04	England	23D	7
2023-01-05	England	23D	5
2023-01-06	England	23D	3
2023-01-07	England	23D	1
2023-01-08	England	23D	5
2023-01-09	England	23D	4
2023-01-10	England	23D	1
2023-01-12	England	23D	4
2023-01-13	England	23D	3
2023-01-14	England	23D	1
2023-01-15	England	23D	6
2023-01-16	England	23D	4
2023-01-17	England	23D	10
2023-01-19	England	23D	3
2023-01-20	England	23D	4
2023-01-21	England	23D	19
2023-01-22	England	23D	6
2023-01-23	England	23D	1
2023-01-24	England	23D	9
2023-01-25	England	23D	10
2023-01-26	England	23D	10
2023-01-27	England	23D	5
2023-01-28	England	23D	11
2023-01-29	England	23D	6
2023-01-30	England	23D	17
2023-01-31	England	23D	17
2023-02-01	England	23D	40
2023-02-02	England	23D	19
2023-02-03	England	23D	16
2023-02-04	England	23D	14
2023-02-05	England	23D	9
2023-02-06	England	23D	41
2023-02-07	England	23D	24
2023-02-08	England	23D	60
2023-02-09	England	23D	33
2023-02-10	England	23D	44
2023-02-11	England	23D	34
2023-02-12	England	23D	15
2023-02-13	England	23D	48
2023-02-14	England	23D	49
2023-02-15	England	23D	49
2023-02-16	England	23D	42
2023-02-17	England	23D	51
2023-02-18	England	23D	30
2023-02-19	England	23D	28
2023-02-20	England	23D	82
2023-02-21	England	23D	45
2023-02-22	England	23D	43
2023-02-23	England	23D	44
2023-02-24	England	23D	55
2023-02-25	England	23D	23
2023-02-26	England	23D	33
2023-02-27	England	23D	80
2023-02-28	England	23D	120
2023-03-01	England	23D	83
2023-03-02	England	23D	79
2023-03-03	England	23D	76
2023-03-04	England	23D	40
2023-03-05	England	23D	49
2023-03-06	England	23D	95
2023-03-07	England	23D	129
2023-03-08	England	23D	89
2023-03-09	England	23D	68
2023-03-10	England	23D	69
2023-03-11	England	23D	34
2023-03-12	England	23D	49
2023-03-13	England	23D	99
2022-01-04	England	other	11
2022-01-05	England	other	7
2022-01-06	England	other	7
2022-01-07	England	other	10
2022-01-08	England	other	9
2022-01-09	England	other	6
2022-01-10	England	other	6
2022-01-11	England	other	11
2022-01-12	England	other	4
2022-01-13	England	other	2
2022-01-14	England	other	2
2022-01-15	England	other	5
2022-01-16	England	other	3
2022-01-17	England	other	6
2022-01-18	England	other	4
2022-01-19	England	other	7
2022-01-20	England	other	5
2022-01-21	England	other	8
2022-01-22	England	other	7
2022-01-23	England	other	6
2022-01-24	England	other	4
2022-01-25	England	other	6
2022-01-26	England	other	6
2022-01-27	England	other	2
2022-01-28	England	other	8
2022-01-29	England	other	5
2022-01-30	England	other	6
2022-01-31	England	other	9
2022-02-01	England	other	10
2022-02-02	England	other	11
2022-02-03	England	other	14
2022-02-04	England	other	12
2022-02-05	England	other	16
2022-02-06	England	other	8
2022-02-07	England	other	14
2022-02-08	England	other	18
2022-02-09	England	other	5
2022-02-10	England	other	13
2022-02-11	England	other	12
2022-02-12	England	other	8
2022-02-13	England	other	8
2022-02-14	England	other	8
2022-02-15	England	other	11
2022-02-16	England	other	8
2022-02-17	England	other	11
2022-02-18	England	other	10
2022-02-19	England	other	7
2022-02-20	England	other	6
2022-02-21	England	other	17
2022-02-22	England	other	8
2022-02-23	England	other	4
2022-02-24	England	other	5
2022-02-25	England	other	5
2022-02-26	England	other	4
2022-02-27	England	other	2
2022-02-28	England	other	6
2022-03-01	England	other	11
2022-03-02	England	other	6
2022-03-03	England	other	15
2022-03-04	England	other	5
2022-03-05	England	other	2
2022-03-06	England	other	4
2022-03-07	England	other	6
2022-03-08	England	other	16
2022-03-09	England	other	12
2022-03-10	England	other	8
2022-03-11	England	other	4
2022-03-12	England	other	10
2022-03-13	England	other	7
2022-03-14	England	other	10
2022-03-15	England	other	6
2022-03-16	England	other	6
2022-03-17	England	other	8
2022-03-18	England	other	4
2022-03-19	England	other	7
2022-03-20	England	other	2
2022-03-21	England	other	2
2022-03-22	England	other	4
2022-03-23	England	other	2
2022-03-24	England	other	5
2022-03-25	England	other	6
2022-03-26	England	other	4
2022-03-27	England	other	3
2022-03-28	England	other	6
2022-03-29	England	other	12
2022-03-30	England	other	1
2022-03-31	England	other	2
2022-04-01	England	other	1
2022-04-07	England	other	1
2022-04-12	England	other	1
2022-04-26	England	other	1
2022-06-08	England	other	1
2022-06-13	England	other	1
2022-06-22	England	other	1
2022-06-23	England	other	2
2022-11-12	England	other	1
2023-01-01	England	other	1
2023-01-11	England	other	1
2023-01-20	England	other	1
2023-01-26	England	other	1
2023-01-27	England	other	1
2023-01-31	England	other	3
2023-02-01	England	other	1
2023-02-03	England	other	2
2023-02-09	England	other	1
2023-02-11	England	other	1
2023-02-12	England	other	1
2023-02-13	England	other	8
2023-02-15	England	other	2
2023-02-16	England	other	7
2023-02-17	England	other	3
2023-02-19	England	other	8
2023-02-20	England	other	5
2023-02-21	England	other	10
2023-02-22	England	other	2
2023-02-24	England	other	1
2023-02-26	England	other	2
2023-02-27	England	other	2
2023-02-28	England	other	5
2023-03-02	England	other	11
2023-03-03	England	other	12
2023-03-04	England	other	1
2023-03-05	England	other	3
2023-03-06	England	other	10
2023-03-07	England	other	6
2023-03-08	England	other	9
2023-03-09	England	other	7
2023-03-10	England	other	4
2023-03-11	England	other	1
2023-03-12	England	other	1
2023-03-13	England	other	2
2022-01-04	England	recombinant	3
2022-01-05	England	recombinant	1
2022-01-06	England	recombinant	5
2022-01-07	England	recombinant	2
2022-01-09	England	recombinant	1
2022-01-11	England	recombinant	1
2022-01-12	England	recombinant	1
2022-01-13	England	recombinant	2
2022-01-14	England	recombinant	2
2022-01-15	England	recombinant	3
2022-01-16	England	recombinant	2
2022-01-17	England	recombinant	3
2022-01-18	England	recombinant	8
2022-01-19	England	recombinant	4
2022-01-20	England	recombinant	2
2022-01-21	England	recombinant	4
2022-01-22	England	recombinant	3
2022-01-23	England	recombinant	1
2022-01-24	England	recombinant	6
2022-01-25	England	recombinant	1
2022-01-26	England	recombinant	3
2022-01-27	England	recombinant	5
2022-01-29	England	recombinant	3
2022-01-30	England	recombinant	4
2022-01-31	England	recombinant	4
2022-02-01	England	recombinant	3
2022-02-02	England	recombinant	12
2022-02-03	England	recombinant	12
2022-02-04	England	recombinant	9
2022-02-05	England	recombinant	12
2022-02-06	England	recombinant	13
2022-02-07	England	recombinant	9
2022-02-08	England	recombinant	8
2022-02-09	England	recombinant	6
2022-02-10	England	recombinant	4
2022-02-11	England	recombinant	12
2022-02-12	England	recombinant	10
2022-02-13	England	recombinant	16
2022-02-14	England	recombinant	14
2022-02-15	England	recombinant	12
2022-02-16	England	recombinant	23
2022-02-17	England	recombinant	13
2022-02-18	England	recombinant	14
2022-02-19	England	recombinant	19
2022-02-20	England	recombinant	11
2022-02-21	England	recombinant	32
2022-02-22	England	recombinant	15
2022-02-23	England	recombinant	24
2022-02-24	England	recombinant	16
2022-02-25	England	recombinant	18
2022-02-26	England	recombinant	10
2022-02-27	England	recombinant	18
2022-02-28	England	recombinant	16
2022-03-01	England	recombinant	36
2022-03-02	England	recombinant	25
2022-03-03	England	recombinant	35
2022-03-04	England	recombinant	37
2022-03-05	England	recombinant	28
2022-03-06	England	recombinant	20
2022-03-07	England	recombinant	33
2022-03-08	England	recombinant	52
2022-03-09	England	recombinant	47
2022-03-10	England	recombinant	49
2022-03-11	England	recombinant	43
2022-03-12	England	recombinant	47
2022-03-13	England	recombinant	56
2022-03-14	England	recombinant	62
2022-03-15	England	recombinant	64
2022-03-16	England	recombinant	44
2022-03-17	England	recombinant	53
2022-03-18	England	recombinant	73
2022-03-19	England	recombinant	75
2022-03-20	England	recombinant	48
2022-03-21	England	recombinant	68
2022-03-22	England	recombinant	68
2022-03-23	England	recombinant	67
2022-03-24	England	recombinant	60
2022-03-25	England	recombinant	69
2022-03-26	England	recombinant	50
2022-03-27	England	recombinant	46
2022-03-28	England	recombinant	95
2022-03-29	England	recombinant	34
2022-03-30	England	recombinant	34
2022-03-31	England	recombinant	15
2022-04-01	England	recombinant	16
2022-04-02	England	recombinant	24
2022-04-03	England	recombinant	20
2022-04-04	England	recombinant	25
2022-04-05	England	recombinant	25
2022-04-06	England	recombinant	20
2022-04-07	England	recombinant	28
2022-04-08	England	recombinant	26
2022-04-09	England	recombinant	17
2022-04-10	England	recombinant	8
2022-04-11	England	recombinant	41
2022-04-12	England	recombinant	14
2022-04-13	England	recombinant	28
2022-04-14	England	recombinant	19
2022-04-15	England	recombinant	7
2022-04-16	England	recombinant	9
2022-04-17	England	recombinant	4
2022-04-18	England	recombinant	23
2022-04-19	England	recombinant	18
2022-04-20	England	recombinant	17
2022-04-21	England	recombinant	10
2022-04-22	England	recombinant	19
2022-04-23	England	recombinant	13
2022-04-24	England	recombinant	11
2022-04-25	England	recombinant	13
2022-04-26	England	recombinant	22
2022-04-27	England	recombinant	18
2022-04-28	England	recombinant	14
2022-04-29	England	recombinant	12
2022-04-30	England	recombinant	7
2022-05-01	England	recombinant	6
2022-05-02	England	recombinant	7
2022-05-03	England	recombinant	8
2022-05-04	England	recombinant	13
2022-05-05	England	recombinant	12
2022-05-06	England	recombinant	6
2022-05-07	England	recombinant	7
2022-05-08	England	recombinant	7
2022-05-09	England	recombinant	5
2022-05-10	England	recombinant	7
2022-05-11	England	recombinant	6
2022-05-12	England	recombinant	3
2022-05-13	England	recombinant	9
2022-05-14	England	recombinant	2
2022-05-15	England	recombinant	8
2022-05-16	England	recombinant	8
2022-05-17	England	recombinant	9
2022-05-18	England	recombinant	10
2022-05-19	England	recombinant	2
2022-05-20	England	recombinant	3
2022-05-21	England	recombinant	4
2022-05-22	England	recombinant	3
2022-05-23	England	recombinant	6
2022-05-24	England	recombinant	3
2022-05-25	England	recombinant	2
2022-05-26	England	recombinant	3
2022-05-27	England	recombinant	2
2022-05-28	England	recombinant	4
2022-05-29	England	recombinant	2
2022-05-30	England	recombinant	8
2022-05-31	England	recombinant	4
2022-06-01	England	recombinant	7
2022-06-02	England	recombinant	2
2022-06-03	England	recombinant	2
2022-06-04	England	recombinant	4
2022-06-05	England	recombinant	1
2022-06-06	England	recombinant	3
2022-06-07	England	recombinant	6
2022-06-08	England	recombinant	6
2022-06-09	England	recombinant	4
2022-06-11	England	recombinant	3
2022-06-12	England	recombinant	3
2022-06-13	England	recombinant	4
2022-06-14	England	recombinant	5
2022-06-16	England	recombinant	2
2022-06-17	England	recombinant	7
2022-06-19	England	recombinant	1
2022-06-20	England	recombinant	2
2022-06-21	England	recombinant	10
2022-06-22	England	recombinant	6
2022-06-23	England	recombinant	1
2022-06-24	England	recombinant	4
2022-06-25	England	recombinant	1
2022-06-26	England	recombinant	3
2022-06-27	England	recombinant	1
2022-06-28	England	recombinant	7
2022-06-30	England	recombinant	14
2022-07-01	England	recombinant	7
2022-07-02	England	recombinant	1
2022-07-03	England	recombinant	1
2022-07-04	England	recombinant	10
2022-07-05	England	recombinant	3
2022-07-06	England	recombinant	4
2022-07-08	England	recombinant	6
2022-07-09	England	recombinant	2
2022-07-10	England	recombinant	1
2022-07-11	England	recombinant	3
2022-07-12	England	recombinant	3
2022-07-13	England	recombinant	4
2022-07-14	England	recombinant	3
2022-07-16	England	recombinant	2
2022-07-17	England	recombinant	2
2022-07-18	England	recombinant	3
2022-07-19	England	recombinant	1
2022-07-20	England	recombinant	3
2022-07-21	England	recombinant	1
2022-07-22	England	recombinant	4
2022-07-23	England	recombinant	1
2022-07-24	England	recombinant	2
2022-07-25	England	recombinant	3
2022-07-26	England	recombinant	3
2022-07-27	England	recombinant	1
2022-07-29	England	recombinant	5
2022-07-30	England	recombinant	1
2022-08-01	England	recombinant	3
2022-08-02	England	recombinant	2
2022-08-04	England	recombinant	1
2022-08-06	England	recombinant	2
2022-08-15	England	recombinant	1
2022-08-20	England	recombinant	2
2022-08-23	England	recombinant	1
2022-08-25	England	recombinant	1
2022-08-27	England	recombinant	1
2022-08-29	England	recombinant	1
2022-08-31	England	recombinant	1
2022-09-01	England	recombinant	2
2022-09-03	England	recombinant	2
2022-09-04	England	recombinant	1
2022-09-05	England	recombinant	1
2022-09-06	England	recombinant	2
2022-09-07	England	recombinant	1
2022-09-12	England	recombinant	1
2022-09-13	England	recombinant	1
2022-09-15	England	recombinant	1
2022-09-17	England	recombinant	1
2022-09-19	England	recombinant	3
2022-09-20	England	recombinant	1
2022-09-21	England	recombinant	1
2022-09-22	England	recombinant	2
2022-09-24	England	recombinant	1
2022-09-25	England	recombinant	3
2022-09-26	England	recombinant	7
2022-09-27	England	recombinant	8
2022-09-28	England	recombinant	1
2022-09-29	England	recombinant	2
2022-09-30	England	recombinant	4
2022-10-02	England	recombinant	4
2022-10-03	England	recombinant	5
2022-10-04	England	recombinant	5
2022-10-05	England	recombinant	3
2022-10-06	England	recombinant	6
2022-10-07	England	recombinant	2
2022-10-08	England	recombinant	6
2022-10-10	England	recombinant	2
2022-10-11	England	recombinant	3
2022-10-12	England	recombinant	6
2022-10-13	England	recombinant	2
2022-10-14	England	recombinant	4
2022-10-15	England	recombinant	3
2022-10-17	England	recombinant	2
2022-10-18	England	recombinant	5
2022-10-19	England	recombinant	8
2022-10-20	England	recombinant	3
2022-10-21	England	recombinant	6
2022-10-23	England	recombinant	5
2022-10-24	England	recombinant	10
2022-10-25	England	recombinant	3
2022-10-26	England	recombinant	2
2022-10-28	England	recombinant	5
2022-10-29	England	recombinant	1
2022-10-30	England	recombinant	1
2022-11-01	England	recombinant	4
2022-11-03	England	recombinant	1
2022-11-04	England	recombinant	4
2022-11-05	England	recombinant	1
2022-11-08	England	recombinant	2
2022-11-09	England	recombinant	3
2022-11-10	England	recombinant	2
2022-11-11	England	recombinant	1
2022-11-15	England	recombinant	3
2022-11-16	England	recombinant	4
2022-11-17	England	recombinant	3
2022-11-18	England	recombinant	4
2022-11-20	England	recombinant	1
2022-11-21	England	recombinant	3
2022-11-22	England	recombinant	5
2022-11-23	England	recombinant	3
2022-11-24	England	recombinant	5
2022-11-25	England	recombinant	4
2022-11-26	England	recombinant	4
2022-11-27	England	recombinant	5
2022-11-28	England	recombinant	5
2022-11-29	England	recombinant	5
2022-11-30	England	recombinant	4
2022-12-01	England	recombinant	2
2022-12-02	England	recombinant	2
2022-12-03	England	recombinant	1
2022-12-04	England	recombinant	2
2022-12-05	England	recombinant	1
2022-12-06	England	recombinant	3
2022-12-07	England	recombinant	2
2022-12-08	England	recombinant	5
2022-12-09	England	recombinant	2
2022-12-10	England	recombinant	3
2022-12-11	England	recombinant	3
2022-12-12	England	recombinant	4
2022-12-13	England	recombinant	7
2022-12-14	England	recombinant	6
2022-12-15	England	recombinant	14
2022-12-16	England	recombinant	13
2022-12-17	England	recombinant	5
2022-12-18	England	recombinant	1
2022-12-19	England	recombinant	10
2022-12-20	England	recombinant	11
2022-12-21	England	recombinant	11
2022-12-22	England	recombinant	8
2022-12-23	England	recombinant	5
2022-12-24	England	recombinant	9
2022-12-25	England	recombinant	3
2022-12-26	England	recombinant	6
2022-12-27	England	recombinant	11
2022-12-28	England	recombinant	28
2022-12-29	England	recombinant	23
2022-12-30	England	recombinant	17
2022-12-31	England	recombinant	7
2023-01-01	England	recombinant	2
2023-01-02	England	recombinant	16
2023-01-03	England	recombinant	13
2023-01-04	England	recombinant	26
2023-01-05	England	recombinant	17
2023-01-06	England	recombinant	17
2023-01-07	England	recombinant	4
2023-01-08	England	recombinant	5
2023-01-09	England	recombinant	11
2023-01-10	England	recombinant	26
2023-01-11	England	recombinant	10
2023-01-12	England	recombinant	4
2023-01-13	England	recombinant	8
2023-01-14	England	recombinant	2
2023-01-15	England	recombinant	2
2023-01-16	England	recombinant	8
2023-01-17	England	recombinant	12
2023-01-18	England	recombinant	22
2023-01-19	England	recombinant	4
2023-01-20	England	recombinant	6
2023-01-21	England	recombinant	3
2023-01-22	England	recombinant	2
2023-01-23	England	recombinant	15
2023-01-24	England	recombinant	9
2023-01-25	England	recombinant	12
2023-01-26	England	recombinant	11
2023-01-27	England	recombinant	11
2023-01-28	England	recombinant	7
2023-01-29	England	recombinant	7
2023-01-30	England	recombinant	10
2023-01-31	England	recombinant	12
2023-02-01	England	recombinant	14
2023-02-02	England	recombinant	9
2023-02-03	England	recombinant	10
2023-02-04	England	recombinant	7
2023-02-05	England	recombinant	6
2023-02-06	England	recombinant	19
2023-02-07	England	recombinant	12
2023-02-08	England	recombinant	19
2023-02-09	England	recombinant	13
2023-02-10	England	recombinant	11
2023-02-11	England	recombinant	2
2023-02-12	England	recombinant	6
2023-02-13	England	recombinant	44
2023-02-14	England	recombinant	13
2023-02-15	England	recombinant	6
2023-02-16	England	recombinant	8
2023-02-17	England	recombinant	11
2023-02-18	England	recombinant	4
2023-02-19	England	recombinant	9
2023-02-20	England	recombinant	13
2023-02-21	England	recombinant	8
2023-02-22	England	recombinant	9
2023-02-23	England	recombinant	21
2023-02-24	England	recombinant	10
2023-02-25	England	recombinant	10
2023-02-26	England	recombinant	6
2023-02-27	England	recombinant	13
2023-02-28	England	recombinant	9
2023-03-01	England	recombinant	13
2023-03-02	England	recombinant	10
2023-03-03	England	recombinant	11
2023-03-04	England	recombinant	8
2023-03-05	England	recombinant	7
2023-03-06	England	recombinant	16
2023-03-07	England	recombinant	24
2023-03-08	England	recombinant	11
2023-03-09	England	recombinant	10
2023-03-10	England	recombinant	15
2023-03-11	England	recombinant	7
2023-03-12	England	recombinant	5
2023-03-13	England	recombinant	7
